id,name,lat,lng,type,price_per_month,size_m2,visibility_score,night_visibility,traffic_score,footfall_score,business_density,population_density,history_impressions,landmark_score,history_ctr,nearby_colleges,nearby_it_offices,nearby_bus_stops,pedestrian_per_hour,vehicle_per_hour,avg_dwell_time_min,avg_income_area,is_night_active,poi_tags,owner_rating,digital_brightness
1,FC Road Hoarding,18.5255,73.8402,hoarding,65000,20,0.9,0.81,85,88,120,82,2100000,0.012,2,1,1,5,900,1200,2.5,45000,1,"college,restaurant,market",4.2,
2,Viman Nagar Billboard,18.567,73.914,hoarding,45000,15,0.8,0.84,78,70,90,72,1800000,0.009,0,3,0,4,600,800,2,60000,0,"itpark,office,shops",4,
3,MG Road Digital,18.5204,73.8567,digital,85000,12,0.95,0.79,92,95,200,95,3200000,0.015,1,2,2,8,1500,2200,4,70000,1,"mall,metro,hotel",4.8,95.1
4,Premium Highway Hoarding Pune-Mumbai Highway,18.567,73.79,hoarding,50000,220,0.92,0.99,59,85,88,90,900000,0.008,1,0,1,3,400,700,3,40000,0,"highway,outlet",3.9,
5,Elevated Highway Billboard Pune-Wakad Flyover,18.547,73.82,hoarding,48000,210,0.9,0.88,92,88,82,85,850000,0.007,0,1,0,4,500,600,2.5,42000,0,"flyover,industrial",3.8,
6,Main Road Hoarding Pune-FC Road,18.5205,73.841,hoarding,47000,200,0.93,0.86,94,95,90,92,1000000,0.01,2,1,2,6,1000,1400,3.5,50000,0,"road,market",4.1,
7,IT Park Entrance Billboard Magarpatta,18.5147,73.934,hoarding,49000,215,0.91,0.89,93,89,88,87,950000,0.009,0,3,2,5,850,1100,3.1,48000,0,"itpark,office,restaurant",4,
8,Airport Road Hoarding Lohegaon,18.587,73.92,hoarding,50000,225,0.94,0.92,96,92,86,90,1100000,0.011,1,1,0,3,700,950,2.9,46000,0,"airport,hotel",4.2,
9,Junction Billboard Shivaji Nagar,18.537,73.85,hoarding,48000,205,0.9,0.87,93,91,84,86,900000,0.008,0,2,0,6,600,800,2.8,43000,0,"junction,market",3.7,
10,Ring Road Hoarding Baner-Balewadi Road,18.577,73.78,hoarding,47000,195,0.89,0.85,91,88,83,84,880000,0.007,1,0,1,4,450,700,2.7,42000,0,"residential,office",3.6,
11,Tech Hub Billboard Hinjewadi Phase 1,18.597,73.74,hoarding,49000,210,0.91,0.88,94,90,87,88,900000,0.009,0,3,0,4,850,1200,3.2,44000,0,"itpark,office,shops",4.1,
12,Highway Junction Hoarding Chandani Chowk,18.527,73.79,hoarding,46000,190,0.88,0.84,90,86,82,83,860000,0.008,1,0,1,5,1000,1500,3,40000,0,"highway,industrial",4,
13,Market Area Hoarding Pune-Deccan Gymkhana,18.5305,73.84,hoarding,43000,190,0.88,0.85,88,89,84,85,870000,0.007,0,2,0,6,650,950,2.8,38000,0,"market,hotel",3.6,
14,University Road Billboard Pune-University Road,18.5401,73.83,hoarding,40000,180,0.86,0.82,86,87,82,83,850000,0.006,1,0,1,4,500,800,2.5,36000,0,"university,office",3.8,
15,Shopping District Hoarding Pune-MG Road,18.5209,73.839,hoarding,44000,195,0.89,0.87,89,90,85,87,890000,0.009,0,3,0,4,800,1100,3.2,34000,0,"shopping,hotel",4,
16,Tech Park Billboard Pune-Hinjewadi Phase 2,18.5903,73.7309,hoarding,41000,200,0.9,0.88,91,89,135,88,900000,0.008,1,0,1,5,1000,1400,3.5,32000,0,"techpark,office",4.2,
17,Residential Area Hoarding Pune-Koregaon Park,18.5375,73.825,hoarding,42000,180,0.85,0.81,85,86,80,82,840000,0.007,0,2,0,6,650,950,2.8,30000,0,"residential,hotel",3.6,
18,Junction Billboard Pune-Aundh Baner Link Road,18.577,73.76,hoarding,43000,190,0.88,0.84,88,87,83,84,860000,0.008,1,0,1,5,1000,1400,3.5,28000,1,"junction,office",3.8,
19,Main Circle Hoarding Pune-Kothrud Circle,18.517,73.81,hoarding,40000,175,0.83,0.8,82,83,79,81,830000,0.006,1,0,1,4,500,800,2.5,26000,0,"maincircle,hotel",3.6,
20,Expressway Billboard Pune-Kharadi Bypass,18.557,73.85,hoarding,44000,205,0.9,0.89,91,90,85,86,880000,0.009,0,3,0,4,850,1100,3.2,24000,0,"expressway,office",3.8,
21,Business District Hoarding Pune-Viman Nagar,18.567,73.83,hoarding,42000,200,0.89,0.87,90,88,85,87,880000,0.008,1,0,1,5,1000,1400,3.5,22000,0,"businessdistrict,hotel",3.6,
22,IT Corridor Billboard Pune-Hinjewadi Phase 3,18.5901,73.735,hoarding,38000,190,0.87,0.83,88,85,126,83,850000,0.008,0,4,3,6,750,1100,3.2,48000,0,"itpark,office,restaurants",4,
23,Main Road Hoarding Pune-Paud Road,18.5402,73.82,hoarding,39000,185,0.86,0.82,86,84,80,81,800000,0.007,1,1,2,5,650,900,2.9,45000,0,"market,shops,college",3.8,
24,Commercial Street Billboard Pune-JM Road,18.5202,73.8405,hoarding,43000,195,0.89,0.87,89,88,85,86,900000,0.009,1,2,1,7,900,1250,3.5,52000,0,"shopping,market,mall",4.1,
25,Residential Junction Hoarding Pune-Warje,18.5302,73.83,hoarding,38000,180,0.85,0.81,85,83,80,82,750000,0.007,0,1,0,4,550,700,2.6,42000,0,"residential,park",3.5,
26,Busy Street Hoarding Pune-Katraj,18.5102,73.8105,hoarding,35000,175,0.82,0.78,82,80,78,79,680000,0.006,0,1,0,3,400,600,2.4,38000,0,"market,shops",3.4,
27,Locality Billboard Pune-Erandwane,18.5203,73.8206,hoarding,34000,170,0.81,0.77,80,78,120,78,650000,0.006,0,0,0,3,390,580,2.3,37000,0,"residential,shops",3.3,
28,Suburb Hoarding Pune-Hadapsar,18.5404,73.8307,hoarding,32000,165,0.79,0.75,78,76,75,76,600000,0.005,0,0,0,2,320,480,2,35000,0,"residential,parks",3.2,
29,Local Market Billboard Pune-Bibwewadi,18.5505,73.8408,hoarding,30000,160,0.78,0.74,75,74,73,75,580000,0.005,0,0,0,2,300,450,2,34000,0,"market,shops",3.2,
30,Community Road Hoarding Pune-Dhankawadi,18.5606,73.8509,hoarding,31000,165,0.79,0.75,77,75,74,76,600000,0.006,0,0,0,3,350,520,2.1,36000,0,"residential,schools",3.3,
31,Residential Area Billboard Pune-Pashan,18.5707,73.861,hoarding,33000,170,0.81,0.77,80,78,77,79,630000,0.006,1,1,1,4,460,750,2.5,40000,0,"residential,college,park",3.5,
32,Main Link Road Hoarding Pune-Pimple Saudagar,18.5808,73.8711,hoarding,36000,185,0.84,0.88,38,90,82,84,820000,0.009,1,2,1,5,700,900,3,46000,0,"residential,market",3.9,
33,Commercial Zone Billboard Pune-Pimple Nilakh,18.5909,73.8812,hoarding,35000,180,0.83,0.79,82,80,81,83,790000,0.007,0,1,0,4,600,750,2.8,44000,0,"market,shops",3.7,
34,Neighborhood Hoarding Pune-Khadki,18.673,73.8913,hoarding,30000,160,0.78,0.74,76,74,73,75,740000,0.006,0,0,0,3,400,600,2.5,41000,0,"residential,parks",3.6,
35,Local Junction Billboard Pune-Dhanori,18.6101,73.9014,hoarding,32000,165,0.79,0.75,77,75,74,76,750000,0.006,0,0,1,4,500,700,2.7,43000,0,"residential,school",3.7,
36,Busy Market Hoarding Pune-Wakad,18.6202,73.9115,hoarding,37000,190,0.85,0.81,87,85,83,85,880000,0.008,1,1,2,6,850,1100,3.3,48000,0,"market,shops",4,
37,Connector Road Billboard Pune-Sus Road,18.6303,73.9216,hoarding,34000,175,0.82,0.78,83,80,79,81,780000,0.007,0,1,0,4,600,800,2.9,42000,0,"road,residential",3.8,
38,Suburb Main Road Hoarding Pune-Kondhwa,18.6404,73.9317,hoarding,33000,170,0.8,0.76,80,78,77,79,750000,0.006,0,0,0,3,400,650,2.6,41000,0,residential,3.6,
39,Local Hub Billboard Pune-Undri,18.6505,73.9418,hoarding,31000,165,0.79,0.75,78,76,75,77,730000,0.006,0,0,0,3,350,600,2.4,40000,0,residential,3.5,
40,Area Main Gate Hoarding Pune-Pimpri,18.6606,73.9519,hoarding,36000,185,0.83,0.79,85,83,80,82,800000,0.007,1,1,1,5,600,850,3,45000,0,"market,road",3.9,
41,Industrial Area Billboard Pune-Chinchwad,18.6373,73.91,hoarding,35000,180,0.85,0.81,85,83,80,82,780000,0.007,0,2,0,4,550,800,2.8,42000,0,"industrial,commercial",3.7,
42,Main Chowk Hoarding Pune-Nigdi,18.6473,73.92,hoarding,34000,175,0.83,0.88,83,80,79,82,770000,0.007,0,1,1,4,580,820,2.9,43000,0,"market,residential",3.8,
43,Market Chowk Billboard Pune-Wanowrie,18.657,73.93,hoarding,31000,165,0.79,0.76,78,75,74,76,740000,0.006,0,1,0,3,350,600,2.4,40000,0,"market,shops",3.5,
44,Main Road Hoarding Pune-NIBM Road,18.667,73.94,hoarding,34000,170,0.82,0.78,82,80,79,81,780000,0.007,1,0,1,4,450,700,2.7,43000,0,"market,residential",3.7,
45,IT Park Road Billboard Pune-EON Free Zone,18.677,73.95,hoarding,37000,190,0.86,0.83,87,85,83,85,880000,0.008,0,2,1,5,800,1100,3.3,48000,0,"itpark,office",4,
46,Residential Zone Hoarding Pune-Vadgaon Sheri,18.687,73.96,hoarding,33000,175,0.8,0.77,80,78,77,79,750000,0.006,1,0,0,3,360,600,2.5,42000,0,"residential,park",3.6,
47,Highway Service Road Billboard Pune-Dehu Road,18.697,73.97,hoarding,35000,185,0.84,0.88,85,83,80,82,790000,0.007,0,1,0,4,520,700,2.9,44000,0,"highway,outlet",3.8,
48,Shopping Area Hoarding Pune-Salisbury Park,18.773,73.98,hoarding,32000,170,0.79,0.77,79,77,75,77,730000,0.006,0,0,1,3,370,620,2.5,41000,0,"shopping,residential",3.6,
49,Main Junction Billboard Pune-Sinhgad Road,18.717,73.99,hoarding,36000,185,0.85,0.81,86,84,82,84,800000,0.007,1,1,1,5,600,850,3,46000,0,"junction,market",3.9,
50,Connector Hoarding Pune-Nanded City,18.727,74,hoarding,30000,165,0.77,0.74,75,73,72,74,700000,0.006,0,0,0,3,300,550,2.3,39000,0,"connector,residential",3.4,
51,Busy Circle Billboard Pune-Model Colony,18.737,74.01,hoarding,34000,180,0.82,0.79,82,80,78,80,760000,0.007,0,1,1,4,480,780,2.7,42000,0,"circle,market",3.7,
52,Market Road Hoarding Pune-Kharadi,18.747,74.02,hoarding,38000,190,0.87,0.84,88,86,84,86,900000,0.008,1,1,1,5,700,1100,3.3,48000,0,"market,shopping",4,
53,Community Hub Billboard Pune-Wadgaon Budruk,18.757,74.03,hoarding,31000,170,0.8,0.77,80,78,76,78,730000,0.006,0,0,0,3,350,620,2.4,40000,0,"community,residential",3.5,
54,Market Chowk Billboard Pune-Wanowrie,18.657,73.93,hoarding,31000,165,0.79,0.76,78,75,74,76,740000,0.006,0,1,0,3,350,600,2.4,40000,0,"market,shops",3.5,
55,Main Road Hoarding Pune-NIBM Road,18.667,73.94,hoarding,34000,170,0.82,0.78,82,80,79,81,780000,0.007,1,0,1,4,450,700,2.7,43000,0,"market,residential",3.7,
56,IT Park Road Billboard Pune-EON Free Zone,18.677,73.95,hoarding,37000,190,0.86,0.83,87,85,83,85,880000,0.008,0,2,1,5,800,1100,3.3,48000,0,"itpark,office",4,
57,Residential Zone Hoarding Pune-Vadgaon Sheri,18.687,73.96,hoarding,33000,175,0.8,0.77,80,78,77,79,750000,0.006,1,0,0,3,360,600,2.5,42000,0,"residential,park",3.6,
58,Highway Service Road Billboard Pune-Dehu Road,18.697,73.97,hoarding,35000,185,0.84,0.88,85,83,80,82,790000,0.007,0,1,0,4,520,700,2.9,44000,0,"highway,outlet",3.8,
59,Shopping Area Hoarding Pune-Salisbury Park,18.773,73.98,hoarding,32000,170,0.79,0.77,79,77,75,77,730000,0.006,0,0,1,3,370,620,2.5,41000,0,"shopping,residential",3.6,
60,Main Junction Billboard Pune-Sinhgad Road,18.717,73.99,hoarding,36000,185,0.85,0.81,86,84,82,84,800000,0.007,1,1,1,5,600,850,3,46000,0,"junction,market",3.9,
61,Connector Hoarding Pune-Nanded City,18.727,74,hoarding,30000,165,0.77,0.74,75,73,72,74,700000,0.006,0,0,0,3,300,550,2.3,39000,0,"connector,residential",3.4,
62,Busy Circle Billboard Pune-Model Colony,18.737,74.01,hoarding,34000,180,0.82,0.79,82,80,78,80,760000,0.007,0,1,1,4,480,780,2.7,42000,0,"circle,market",3.7,
63,Market Road Hoarding Pune-Kharadi,18.747,74.02,hoarding,38000,190,0.87,0.84,88,86,84,86,900000,0.008,1,1,1,5,700,1100,3.3,48000,0,"market,shopping",4,
64,Community Hub Billboard Pune-Wadgaon Budruk,18.757,74.03,hoarding,31000,170,0.8,0.77,80,78,76,78,730000,0.006,0,0,0,3,350,620,2.4,40000,0,"community,residential",3.5,
65,Arterial Road Hoarding Pune-Baner Road,18.767,74.04,hoarding,39000,185,0.83,0.88,84,82,80,82,800000,0.007,2,2,1,5,600,900,3.1,47000,0,"arterial,market",3.8,
66,Premium Digital Display Pune-Phoenix Market City Mall,18.777,74.05,digital,95000,130,0.95,0.98,95,94,90,92,1500000,0.015,1,3,3,7,1300,2300,4.5,67000,0,"mall,shopping,entertainment",4.7,94.9
67,Digital Billboard Screen Pune-Elpro City Square Mall,18.787,74.06,digital,85000,125,0.93,0.97,93,92,88,90,1400000,0.014,1,2,2,6,1200,2100,4.3,64000,0,"shopping,office",4.6,92.9
68,LED Display Tower Pune-Amanora Mall,18.797,74.07,digital,90000,140,0.94,0.96,94,93,89,91,1450000,0.015,2,1,3,7,1250,2200,4.4,66000,0,"mall,entertainment",4.7,94
69,High-Tech Digital Screen Pune-Westend Mall,18.874,74.08,digital,80000,120,0.92,0.95,92,91,87,89,1300000,0.013,1,2,2,6,1100,2000,4.1,62000,0,"office,retail",4.5,91.8
70,Premium Digital Billboard Pune-Seasons Mall,18.817,74.09,digital,88000,130,0.94,0.97,94,93,89,91,1400000,0.014,2,2,2,7,1200,2150,4.3,65000,0,"mall,shopping",4.6,93.8
71,Multiplex LED Display Pune-Inox Bund Garden,18.827,74.1,digital,75000,115,0.9,0.93,91,90,86,88,1250000,0.012,1,1,1,5,1050,1900,4,60000,0,"multiplex,entertainment",4.4,89.8
72,Premium LED Screen Pune-Phoenix Market City Mall,18.7757,74.055,digital,95000,130,0.95,0.98,95,94,90,92,1520000,0.016,1,3,3,7,1350,2350,4.6,68000,0,"mall,shopping,entertainment",4.8,95.1
73,Digital Billboard Screen Pune-Elpro City Square Mall,18.7857,74.065,digital,85000,125,0.93,0.97,93,92,88,90,1420000,0.015,1,2,2,6,1250,2200,4.4,64000,0,"shopping,office",4.7,93.1
74,Shopping Complex Screen Pune-Pavillion Mall,18.835,74.115,digital,82000,125,0.91,0.94,92,90,87,89,1300000,0.013,1,2,2,6,1150,2100,4.2,63000,0,"shopping,office",4.5,90.9
75,Airport Terminal LED Pune-Pune Airport Arrival,18.845,74.125,digital,100000,140,0.96,0.99,96,95,91,93,1600000,0.02,1,3,3,7,1400,2400,5,70000,0,"airport,shopping",5,96.4
76,Tech Park Digital Wall Pune-Cybercity Magarpatta,18.855,74.135,digital,78000,130,0.92,0.94,93,91,88,90,1250000,0.015,1,2,2,6,1150,2150,4.3,65000,0,"shopping,office",4.6,92
77,Mall Entrance LED Pune-Kumar Pacific Mall,18.865,74.145,digital,73000,120,0.9,0.92,91,89,86,88,1150000,0.012,1,1,1,5,1050,1950,4,60000,0,"mall,shopping",4.4,89.8
78,LED Screen Display Pune-FC Road Junction,18.52,73.84,digital,65000,110,0.89,0.9,90,88,85,87,1050000,0.012,1,1,1,5,1000,1900,4,55000,0,"shopping,office",4.3,88.7
79,Digital Signage Pune-Deccan Junction,18.53,73.835,digital,60000,105,0.88,0.89,88,86,83,85,1000000,0.01,1,1,1,5,950,1850,3.8,50000,1,"shopping,office",4.2,87.6
80,LED Screen Display Pune-FC Road Junction,18.52,73.84,digital,65000,110,0.89,0.9,90,88,85,87,1050000,0.012,1,1,1,5,1000,1900,4,55000,1,"shopping,office",4.3,88.7
81,Digital Signage Pune-Deccan Junction,18.53,73.835,digital,60000,105,0.88,0.89,88,86,83,85,1000000,0.01,1,1,1,5,950,1850,3.8,50000,1,"shopping,office",4.2,87.6
82,LED Screen Display Pune-FC Road Junction,18.52,73.84,digital,65000,110,0.89,0.9,90,88,85,87,1050000,0.012,1,1,1,5,1000,1900,4,55000,1,"shopping,office",4.3,88.7
83,Digital Signage Pune-Deccan Junction,18.53,73.835,digital,60000,105,0.88,0.89,88,86,83,85,1000000,0.01,1,1,1,5,950,1850,3.8,50000,1,"shopping,office",4.2,87.6
84,LED Screen Display Pune-FC Road Junction,18.52,73.84,digital,65000,110,0.89,0.9,90,88,85,87,1050000,0.012,1,1,1,5,1000,1900,4,55000,1,"shopping,office",4.3,88.7
85,Digital Signage Pune-Deccan Junction,18.53,73.835,digital,60000,105,0.88,0.89,88,86,83,85,1000000,0.01,1,1,1,5,950,1850,3.8,50000,1,"shopping,office",4.2,87.6
86,LED Screen Display Pune-FC Road Junction,18.52,73.84,digital,65000,110,0.89,0.9,90,88,85,87,1050000,0.012,1,1,1,5,1000,1900,4,55000,1,"shopping,office",4.3,88.7
87,Digital Signage Pune-Deccan Junction,18.53,73.835,digital,60000,105,0.88,0.89,88,86,83,85,1000000,0.01,1,1,1,5,950,1850,3.8,50000,1,"shopping,office",4.2,87.6
88,LED Display Tower Pune-Amanora Mall,18.7957,74.075,digital,90000,140,0.94,0.96,94,93,89,91,1450000,0.015,2,1,3,7,1300,2200,4.5,67000,1,"mall,entertainment",4.7,94
89,High-Tech Digital Screen Pune-Westend Mall,18.8057,74.085,digital,80000,120,0.92,0.95,92,91,87,89,1300000,0.014,1,2,2,6,1150,2000,4.2,63000,1,"office,retail",4.5,91.8
90,Premium Digital Billboard Pune-Seasons Mall,18.8157,74.095,digital,88000,130,0.94,0.97,94,93,89,91,1400000,0.015,2,2,2,7,1210,2100,4.3,65000,1,"mall,shopping",4.6,93.8
91,Multiplex LED Display Pune-Inox Bund Garden,18.8257,74.105,digital,75000,115,0.9,0.93,91,90,86,88,1250000,0.014,1,1,1,5,1050,1900,4,60000,1,"multiplex,entertainment",4.4,89.8
92,Shopping Complex Screen Pune-Pavillion Mall,18.8357,74.115,digital,82000,125,0.91,0.94,92,90,87,89,1350000,0.014,1,1,2,6,1100,2050,4.1,62000,1,"mall,shopping",4.5,90.9
93,Airport Terminal LED Pune-Pune Airport Arrival,18.8457,74.125,digital,100000,140,0.96,0.99,96,95,91,93,1550000,0.016,0,1,0,4,850,1350,3.5,58000,1,"airport,travel",4.7,95.8
94,Tech Park Digital Wall Pune-Cybercity Magarpatta,18.8557,74.135,digital,78000,130,0.92,0.94,93,91,88,90,1300000,0.014,0,3,1,6,900,1500,3.8,62000,1,"techpark,office",4.6,92
95,Mall Entrance LED Pune-Kumar Pacific Mall,18.8657,74.145,digital,73000,120,0.9,0.92,91,89,86,88,1200000,0.013,1,1,1,5,700,1300,3.5,59000,1,"mall,shopping",4.4,89.8
96,LED Screen Display Pune-FC Road Junction,18.527,73.84,digital,65000,110,0.89,0.9,88,87,85,87,1150000,0.012,2,1,2,5,850,1200,3.6,55000,1,"market,road",4.3,88.7
97,Digital Signage Pune-Deccan Junction,18.537,73.835,digital,60000,105,0.88,0.89,86,85,83,85,1100000,0.011,1,1,1,4,600,900,3.1,52000,1,"junction,commercial",4.2,87.6
98,Commercial LED Board Pune-MG Road Center,18.547,73.845,digital,58000,100,0.87,0.88,85,83,82,84,1000000,0.01,2,1,2,5,700,1100,3.4,54000,1,"commercial,market",4.1,86.5
99,Market Digital Display Pune-Camp Market,18.557,73.85,digital,55000,100,0.85,0.86,83,81,80,82,980000,0.009,1,0,1,4,550,900,3,50000,1,"market,residential",4,84.5
100,Tech Hub LED Screen Pune-Hinjewadi IT Park,18.597,73.74,digital,62000,110,0.9,0.92,89,87,85,87,1200000,0.013,0,3,3,6,950,1500,3.7,60000,1,"techpark,office",4.4,89.8
101,Metro Station Digital Board Pune-Pune Junction Metro,18.573,73.86,digital,68000,115,0.91,0.93,90,88,86,88,1250000,0.014,1,1,2,5,900,1400,3.6,59000,1,"metro,transport",4.3,90.5
102,IT Corridor LED Pune-Baner IT Corridor,18.577,73.78,digital,52000,105,0.85,0.87,84,82,80,82,1080000,0.01,0,2,1,4,700,1100,3.2,52000,1,"itpark,commercial",4.1,84.7
103,Shopping Street Display Pune-JM Road Shopping Area,18.537,73.83,digital,54000,105,0.86,0.88,85,83,81,83,1100000,0.011,1,1,1,4,650,1000,3.1,53000,1,"shopping,market",4,85.4
104,Junction LED Screen Pune-Shivaji Nagar Chowk,18.537,73.84,digital,63000,110,0.89,0.91,88,86,84,86,1180000,0.012,1,2,2,5,800,1200,3.5,56000,1,"junction,commercial",4.2,88.5
105,Digital Advertising Board Pune-Koregaon Park Main Road,18.547,73.835,digital,57000,105,0.87,0.89,86,84,110,84,1120000,0.011,1,1,1,4,700,1100,3.3,54000,1,"residential,commercial",4.1,86.5
106,LED Display Unit Pune-Kothrud Depot,18.527,73.83,digital,48000,100,0.82,0.84,80,78,76,78,1000000,0.009,0,1,0,3,500,800,2.8,50000,1,"commercial,residential",3.9,81.6
107,Commercial Digital Screen Pune-Viman Nagar Junction,18.567,73.82,digital,56000,105,0.85,0.87,83,81,80,82,1080000,0.01,1,1,1,4,650,950,3.1,52000,1,"commercial,market",4,84.5
108,Digital Billboard Panel Pune-Wakad Square,18.577,73.78,digital,51000,100,0.82,0.85,81,79,77,79,1050000,0.009,0,0,0,3,500,800,2.8,51000,1,"residential,market",3.8,81.4
109,Bus Stop Ad Space Pune-Aundh Bus - 10,18.567,73.885,bus shelter,18500,24,0.74,0.79,76,73,71,73,430000,0.006,1,0,0,6,450,650,2.4,42000,1,"bus stop,market",3.8,
110,Main Stop Shelter Ad Pune-Viman Nagar Bus Stop,18.5657,73.89,bus shelter,17500,23,0.72,0.77,74,71,69,71,410000,0.005,0,1,0,5,420,600,2.3,40000,0,"bus stop,residential",3.6,
111,High Traffic Bus Stop Pune-Wakad Bus Stand,18.577,73.895,bus shelter,17000,22,0.7,0.75,72,69,67,69,400000,0.005,0,2,1,7,600,900,3,45000,0,"bus stop,market",3.7,
112,Central Transit Ad Pune-Hadapsar Bus Depot,18.5757,73.9,bus shelter,16500,22,0.69,0.74,71,68,66,68,390000,0.004,1,0,0,6,450,700,2.6,43000,0,"bus stop,transit",3.5,
113,Busy Stop Advertisement Pune-Kharadi Bus Stop,18.587,73.905,bus shelter,16000,21,0.68,0.73,70,67,65,67,370000,0.004,0,1,0,4,350,600,2.2,40000,0,"bus stop,market",3.4,
114,Local Bus Stand Display Pune-Pimple Saudagar Stop,18.5857,73.91,bus shelter,15500,21,0.67,0.72,69,66,64,66,360000,0.004,0,0,0,3,300,500,2,39000,0,"bus stop,residential",3.3,
115,Neighborhood Bus Stop Ad Pune-Katraj Bus Stand,18.597,73.915,bus shelter,15000,20,0.65,0.76,64,62,60,62,350000,0.003,0,0,0,2,250,400,1.8,37000,0,"bus stop,residential",3.2,
116,Area Transit Display Pune-Kondhwa Bus Stop,18.5957,73.92,bus shelter,15000,20,0.65,0.76,64,62,60,62,345000,0.003,0,0,0,2,230,380,1.7,36000,0,"bus stop,residential",3.2,
117,Suburb Bus Shelter Ad Pune-Warje Bus Stand,18.673,73.925,bus shelter,15500,20,0.66,0.71,68,65,63,65,355000,0.003,0,0,0,3,300,450,2,38000,0,"bus stop,residential",3.3,
118,Commuter Stop Display Pune-Dhankawadi Bus Stop,18.6057,73.93,bus shelter,15000,20,0.65,0.76,64,62,60,62,340000,0.003,0,0,0,2,280,400,1.8,37000,0,"bus stop,residential",3.2,
119,Local Bus Stand Display Pune-Pimple Saudagar Stop,18.5857,73.91,bus shelter,15500,21,0.67,0.72,69,66,64,66,360000,0.004,0,0,0,3,300,500,2,39000,0,"bus stop,residential",3.3,
120,Neighborhood Bus Stop Ad Pune-Katraj Bus Stand,18.597,73.915,bus shelter,15000,20,0.65,0.76,64,62,60,62,350000,0.003,0,0,0,2,250,400,1.8,37000,0,"bus stop,residential",3.2,
121,Area Transit Display Pune-Kondhwa Bus Stop,18.5957,73.92,bus shelter,15000,20,0.65,0.76,64,62,60,62,345000,0.003,0,0,0,2,230,380,1.7,36000,0,"bus stop,residential",3.2,
122,Suburb Bus Shelter Ad Pune-Warje Bus Stand,18.673,73.925,bus shelter,15500,20,0.66,0.71,68,65,63,65,355000,0.003,0,0,0,3,300,450,2,38000,0,"bus stop,residential",3.3,
123,Commuter Stop Display Pune-Dhankawadi Bus Stop,18.6057,73.93,bus shelter,15000,20,0.65,0.76,64,62,60,62,340000,0.003,0,0,0,2,280,400,1.8,37000,0,"bus stop,residential",3.2,
124,Local Bus Stand Display Pune-Pimple Saudagar Stop,18.5857,73.91,bus shelter,15500,21,0.67,0.72,69,66,64,66,360000,0.004,0,0,0,3,300,500,2,39000,0,"bus stop,residential",3.3,
125,Neighborhood Bus Stop Ad Pune-Katraj Bus Stand,18.597,73.915,bus shelter,15000,20,0.65,0.76,64,62,60,62,350000,0.003,0,0,0,2,250,400,1.8,37000,0,"bus stop,residential",3.2,
126,Area Transit Display Pune-Kondhwa Bus Stop,18.5957,73.92,bus shelter,15000,20,0.65,0.76,64,62,60,62,345000,0.003,0,0,0,2,230,380,1.7,36000,0,"bus stop,residential",3.2,
127,Suburb Bus Shelter Ad Pune-Warje Bus Stand,18.673,73.925,bus shelter,15500,20,0.66,0.71,68,65,63,65,355000,0.003,0,0,0,3,300,450,2,38000,0,"bus stop,residential",3.3,
128,Commuter Stop Display Pune-Dhankawadi Bus Stop,18.6057,73.93,bus shelter,15000,20,0.65,0.76,64,62,60,62,340000,0.003,0,0,0,2,280,400,1.8,37000,0,"bus stop,residential",3.2,
129,Local Bus Stand Display Pune-Pimple Saudagar Stop,18.5857,73.91,bus shelter,15500,21,0.67,0.72,69,66,64,66,360000,0.004,0,0,0,3,300,500,2,39000,0,"bus stop,residential",3.3,
130,Neighborhood Bus Stop Ad Pune-Katraj Bus Stand,18.597,73.915,bus shelter,15000,20,0.65,0.76,64,62,60,62,350000,0.003,0,0,0,2,250,400,1.8,37000,0,"bus stop,residential",3.2,
131,Area Transit Display Pune-Kondhwa Bus Stop,18.5957,73.92,bus shelter,15000,20,0.65,0.76,64,62,60,62,345000,0.003,0,0,0,2,230,380,1.7,36000,0,"bus stop,residential",3.2,
132,Suburb Bus Shelter Ad Pune-Warje Bus Stand,18.673,73.925,bus shelter,15500,20,0.66,0.71,68,65,63,65,355000,0.003,0,0,0,3,300,450,2,38000,0,"bus stop,residential",3.3,
133,Commuter Stop Display Pune-Dhankawadi Bus Stop,18.6057,73.93,bus shelter,15000,20,0.65,0.76,64,62,60,62,340000,0.003,0,0,0,2,280,400,1.8,37000,0,"bus stop,residential",3.2,
134,Local Bus Stand Display Pune-Pimple Saudagar Stop,18.5857,73.91,bus shelter,15500,21,0.67,0.72,69,66,64,66,360000,0.004,0,0,0,3,300,500,2,39000,0,"bus stop,residential",3.3,
135,Neighborhood Bus Stop Ad Pune-Katraj Bus Stand,18.597,73.915,bus shelter,15000,20,0.65,0.76,64,62,60,62,350000,0.003,0,0,0,2,250,400,1.8,37000,0,"bus stop,residential",3.2,
136,Area Transit Display Pune-Kondhwa Bus Stop,18.5957,73.92,bus shelter,15000,20,0.65,0.76,64,62,60,62,345000,0.003,0,0,0,2,230,380,1.7,36000,0,"bus stop,residential",3.2,
137,Suburb Bus Shelter Ad Pune-Warje Bus Stand,18.673,73.925,bus shelter,15500,20,0.66,0.71,68,65,63,65,355000,0.003,0,0,0,3,300,450,2,38000,0,"bus stop,residential",3.3,
138,Commuter Stop Display Pune-Dhankawadi Bus Stop,18.6057,73.93,bus shelter,15000,20,0.65,0.76,64,62,60,62,340000,0.003,0,0,0,2,280,400,1.8,37000,0,"bus stop,residential",3.2,
139,Local Bus Stand Display Pune-Pimple Saudagar Stop,18.5857,73.91,bus shelter,15500,21,0.67,0.72,69,66,64,66,360000,0.004,0,0,0,3,300,500,2,39000,0,"bus stop,residential",3.3,
140,Neighborhood Bus Stop Ad Pune-Katraj Bus Stand,18.597,73.915,bus shelter,15000,20,0.65,0.76,64,62,60,62,350000,0.003,0,0,0,2,250,400,1.8,37000,0,"bus stop,residential",3.2,
141,Area Transit Display Pune-Kondhwa Bus Stop,18.5957,73.92,bus shelter,15000,20,0.65,0.76,64,62,60,62,345000,0.003,0,0,0,2,230,380,1.7,36000,0,"bus stop,residential",3.2,
142,Suburb Bus Shelter Ad Pune-Warje Bus Stand,18.673,73.925,bus shelter,15500,20,0.66,0.71,68,65,63,65,355000,0.003,0,0,0,3,300,450,2,38000,0,"bus stop,residential",3.3,
143,Commuter Stop Display Pune-Dhankawadi Bus Stop,18.6057,73.93,bus shelter,15000,20,0.65,0.76,64,62,60,62,340000,0.003,0,0,0,2,280,400,1.8,37000,0,"bus stop,residential",3.2,
144,Premium Auto Hood Ad Pune-FC Road Auto Stand,18.5157,73.835,rickshaw hood,8500,3,0.7,0.72,70,68,65,67,230000,0.006,0,1,0,4,350,500,1.5,38000,0,"rickshaw,road",3.5,
145,Rickshaw Hood Branding Pune-Deccan Auto - 10,18.527,73.84,rickshaw hood,8200,3,0.68,0.76,68,66,63,65,225000,0.006,0,1,0,4,330,480,1.4,37000,0,"rickshaw,market",3.4,
146,Auto Hood Display Pune-Shivaji Nagar - 10,18.5257,73.845,rickshaw hood,8000,2.5,0.67,0.69,67,65,62,64,220000,0.005,0,0,0,3,300,450,1.3,36000,0,"rickshaw,residential",3.4,
147,Mobile Rickshaw Ad Pune-Swargate Auto - 10,18.537,73.85,rickshaw hood,8300,3,0.68,0.7,68,66,64,66,222000,0.005,0,1,0,4,320,470,1.4,37000,0,"rickshaw,road",3.5,
148,Auto Hood Panel Pune-Kothrud Auto - 10,18.5357,73.855,rickshaw hood,7800,2.5,0.66,0.68,66,64,61,63,215000,0.005,0,0,0,3,310,460,1.3,36000,0,"rickshaw,residential",3.3,
149,Rickshaw Advertising Pune-Camp Auto - 10,18.547,73.86,rickshaw hood,8100,3,0.67,0.69,67,65,62,64,218000,0.005,0,1,0,4,320,470,1.4,37000,0,"rickshaw,commercial",3.4,
150,Auto Hood Wrap Pune-Baner Auto - 10,18.5457,73.865,rickshaw hood,7500,2.5,0.65,0.67,65,63,60,62,212000,0.005,0,0,0,3,300,450,1.3,35000,0,"rickshaw,residential",3.3,
151,Mobile Hood Ad Pune-Aundh Auto Stand,18.557,73.87,rickshaw hood,7700,2.5,0.66,0.68,66,64,61,63,215000,0.005,0,0,0,3,310,460,1.3,36000,0,"rickshaw,residential",3.4,
152,Rickshaw Hood Sign Pune-Viman Nagar - 10,18.5557,73.875,rickshaw hood,7900,3,0.67,0.69,67,65,62,64,217000,0.005,0,1,0,4,320,470,1.4,37000,0,"rickshaw,road",3.5,
153,Auto Branding Space Pune-Wakad Auto - 10,18.567,73.88,rickshaw hood,7600,2.5,0.66,0.68,66,64,61,63,213000,0.005,0,0,0,3,310,460,1.3,36000,0,"rickshaw,residential",3.4,
154,Hood Advertisement Panel Pune-Hadapsar - 10,18.5657,73.885,rickshaw hood,7400,2.5,0.65,0.67,65,63,60,62,210000,0.005,0,0,0,3,300,450,1.3,35000,0,"rickshaw,residential",3.3,
155,Rickshaw Mobile Ad Pune-Kharadi Auto Stand,18.577,73.89,rickshaw hood,7200,2.5,0.64,0.66,64,62,59,61,208000,0.005,0,0,0,2,290,440,1.2,34000,0,"rickshaw,market",3.2,
156,Auto Hood Space Pune-Pimple Saudagar - 10,18.5757,73.895,rickshaw hood,7300,2.5,0.65,0.67,65,63,60,62,209000,0.005,0,0,0,3,300,450,1.2,35000,0,"rickshaw,residential",3.3,
157,Hood Display Ad Pune-Katraj Auto Stand,18.5857,73.895,rickshaw hood,7100,2.5,0.64,0.66,64,62,59,61,207000,0.005,0,0,0,2,290,440,1.2,34000,0,"rickshaw,residential",3.2,
158,Rickshaw Back Panel Pune-Kondhwa - 10,18.597,73.9,rickshaw hood,7000,2.5,0.63,0.65,63,61,58,60,205000,0.005,0,0,0,2,280,430,1.1,33000,0,"rickshaw,residential",3.1,
159,Auto Rear Ad Space Pune-Warje Auto - 10,18.5957,73.905,rickshaw hood,6900,2.5,0.63,0.65,63,61,58,60,204000,0.005,0,0,0,2,280,430,1.1,33000,0,"rickshaw,residential",3.1,
160,Hood Branding Panel Pune-Dhankawadi - 10,18.673,73.91,rickshaw hood,6800,2.5,0.62,0.64,62,60,57,59,202000,0.005,0,0,0,2,270,420,1.1,32000,0,"rickshaw,residential",3.1,
161,Rickshaw Ad Panel Pune-Undri Auto - 10,18.6057,73.915,rickshaw hood,6700,2.5,0.62,0.64,62,60,57,59,201000,0.005,0,0,0,2,270,420,1,32000,0,"rickshaw,residential",3,
162,Auto Hood Sign Pune-Pimple Nilakh - 10,18.617,73.92,rickshaw hood,6600,2.5,0.61,0.63,61,59,56,58,199000,0.005,0,0,0,2,260,410,1,31000,0,"rickshaw,residential",3,
163,Mobile Auto Ad Pune-Nigdi Auto - 10,18.6157,73.925,rickshaw hood,6500,2.5,0.61,0.63,61,59,56,58,198000,0.005,0,0,0,2,260,400,1,31000,0,"rickshaw,residential",3,
164,Hood Advertising Space Pune-Chinchwad - 10,18.627,73.93,rickshaw hood,6700,2.5,0.62,0.64,62,60,57,59,201000,0.005,0,0,0,2,270,420,1.1,32000,0,"rickshaw,residential",3.1,
165,Rickshaw Display Panel Pune-Pashan Auto - 10,18.6257,73.935,rickshaw hood,6900,2.5,0.63,0.65,63,61,58,60,204000,0.005,0,0,0,2,280,430,1.1,33000,0,"rickshaw,residential",3.1,
166,Auto Back Hood Ad Pune-Bavdhan - 10,18.637,73.94,rickshaw hood,7100,2.5,0.64,0.66,64,62,59,61,207000,0.005,0,0,0,2,290,440,1.2,34000,0,"rickshaw,residential",3.2,
167,Rickshaw Display Panel Pune-Pashan Auto - 10,18.6277,73.935,rickshaw hood,6900,2.5,0.63,0.65,63,61,58,60,204000,0.005,0,0,0,2,280,430,1.1,33000,0,"rickshaw,residential",3.1,
168,Auto Back Hood Ad Pune-Bavdhan - 10,18.637,73.94,rickshaw hood,7100,2.5,0.64,0.66,64,62,59,61,207000,0.005,0,0,0,2,290,440,1.2,34000,0,"rickshaw,residential",3.2,
169,Hood Panel Branding Pune-Balewadi - 10,18.6357,73.945,rickshaw hood,7300,2.5,0.65,0.67,65,63,60,62,210000,0.005,0,0,0,3,300,450,1.3,35000,0,"rickshaw,residential",3.3,
170,Auto Hood Advertisement Pune-Mundhwa - 10,18.6477,73.95,rickshaw hood,7000,2.5,0.64,0.66,64,62,59,61,207000,0.005,0,0,0,2,290,440,1.2,34000,0,"rickshaw,residential",3.2,
171,Premium Mall Storefront Pune-Phoenix Market City,18.6577,74.05,shop front,85000,45,0.9,0.92,90,88,86,88,1500000,0.015,1,3,3,7,1300,2300,4.5,67000,0,"mall,shopping,entertainment",4.7,
172,Shopping Complex Display Pune-Elpro City Square,18.6677,74.06,shop front,75000,40,0.87,0.89,87,85,83,85,1400000,0.014,1,2,2,6,1200,2100,4.3,64000,0,"shopping,office",4.6,
173,FC Road Retail Facade Pune-FC Road Main,18.5207,73.8405,shop front,65000,38,0.85,0.87,85,83,81,83,1350000,0.013,2,1,2,5,1100,2000,4.1,61000,0,"market,road",4.4,
174,MG Road Storefront Pune-MG Road Prime,18.5307,73.8455,shop front,60000,35,0.83,0.85,83,81,79,81,1300000,0.012,1,1,1,4,950,1800,3.9,59000,0,"market,residential",4.2,
175,JM Road Shop Display Pune-JM Road Center,18.5407,73.8505,shop front,58000,34,0.82,0.84,82,80,78,80,1250000,0.011,1,1,1,4,900,1700,3.7,58000,0,"shopping,market",4.1,
176,Camp Road Retail Facade Pune-Camp Road,18.5507,73.8555,shop front,62000,37,0.84,0.86,84,82,80,82,1330000,0.012,0,2,2,5,1000,1900,4,60000,0,"market,commercial",4.3,
177,Market Front Pune-Shivaji Nagar,18.5607,73.8605,shop front,60000,36,0.83,0.85,83,81,79,81,1300000,0.011,1,1,1,4,950,1800,3.9,59000,0,"market,commercial",4.2,
178,Commercial Road Storefront Pune-Koregaon Park,18.5707,73.8655,shop front,63000,38,0.85,0.87,85,83,81,83,1350000,0.012,2,2,2,5,1100,2000,4.1,62000,0,"commercial,residential",4.5,
179,High Street Mall Pune-Kalyani Nagar,18.5807,73.8705,shop front,70000,40,0.88,0.9,88,86,84,86,1450000,0.013,1,3,3,6,1250,2300,4.4,67000,0,"mall,shopping,entertainment",4.7,
180,Shopping Complex Display Pune-Elpro City Square,18.6677,74.06,shop front,75000,40,0.87,0.89,87,85,83,85,1400000,0.014,1,2,2,6,1200,2100,4.3,64000,0,"shopping,office",4.6,
181,FC Road Retail Facade Pune-FC Road Main,18.5207,73.8405,shop front,65000,38,0.85,0.87,85,83,81,83,1350000,0.013,2,1,2,5,1100,2000,4.1,61000,0,"market,road",4.4,
182,MG Road Storefront Pune-MG Road Prime,18.5307,73.8455,shop front,60000,35,0.83,0.85,83,81,79,81,1300000,0.012,1,1,1,4,950,1800,3.9,59000,0,"market,residential",4.2,
183,JM Road Shop Display Pune-JM Road Center,18.5407,73.8505,shop front,58000,34,0.82,0.84,82,80,78,80,1250000,0.011,1,1,1,4,900,1700,3.7,58000,0,"shopping,market",4.1,
184,Camp Road Retail Facade Pune-Camp Road,18.5507,73.8555,shop front,62000,37,0.84,0.86,84,82,80,82,1330000,0.012,0,2,2,5,1000,1900,4,60000,0,"market,commercial",4.3,
185,Market Front Pune-Shivaji Nagar,18.5607,73.8605,shop front,60000,36,0.83,0.85,83,81,79,81,1300000,0.011,1,1,1,4,950,1800,3.9,59000,0,"market,commercial",4.2,
186,Commercial Road Storefront Pune-Koregaon Park,18.5707,73.8655,shop front,63000,38,0.85,0.87,85,83,81,83,1350000,0.012,2,2,2,5,1100,2000,4.1,62000,0,"commercial,residential",4.5,
187,High Street Mall Pune-Kalyani Nagar,18.5807,73.8705,shop front,70000,40,0.88,0.9,88,86,84,86,1450000,0.013,1,3,3,6,1250,2300,4.4,67000,0,"mall,shopping,entertainment",4.7,
188,Shopping Complex Display Pune-Elpro City Square,18.6677,74.06,shop front,75000,40,0.87,0.89,87,85,83,85,1400000,0.014,1,2,2,6,1200,2100,4.3,64000,0,"shopping,office",4.6,
189,FC Road Retail Facade Pune-FC Road Main,18.5207,73.8405,shop front,65000,38,0.85,0.87,85,83,81,83,1350000,0.013,2,1,2,5,1100,2000,4.1,61000,0,"market,road",4.4,
190,MG Road Storefront Pune-MG Road Prime,18.5307,73.8455,shop front,60000,35,0.83,0.85,83,81,79,81,1300000,0.012,1,1,1,4,950,1800,3.9,59000,0,"market,residential",4.2,
191,JM Road Shop Display Pune-JM Road Center,18.5407,73.8505,shop front,58000,34,0.82,0.84,82,80,78,80,1250000,0.011,1,1,1,4,900,1700,3.7,58000,0,"shopping,market",4.1,
192,Camp Road Retail Facade Pune-Camp Road,18.5507,73.8555,shop front,62000,37,0.84,0.86,84,82,80,82,1330000,0.012,0,2,2,5,1000,1900,4,60000,0,"market,commercial",4.3,
193,Market Front Pune-Shivaji Nagar,18.5607,73.8605,shop front,60000,36,0.83,0.85,83,81,79,81,1300000,0.011,1,1,1,4,950,1800,3.9,59000,0,"market,commercial",4.2,
194,Commercial Road Storefront Pune-Koregaon Park,18.5707,73.8655,shop front,63000,38,0.85,0.87,85,83,81,83,1350000,0.012,2,2,2,5,1100,2000,4.1,62000,0,"commercial,residential",4.5,
195,High Street Mall Pune-Kalyani Nagar,18.5807,73.8705,shop front,70000,40,0.88,0.9,88,86,84,86,1450000,0.013,1,3,3,6,1250,2300,4.4,67000,0,"mall,shopping,entertainment",4.7,
196,Shopping Complex Display Pune-Elpro City Square,18.6677,74.06,shop front,75000,40,0.87,0.89,87,85,83,85,1400000,0.014,1,2,2,6,1200,2100,4.3,64000,0,"shopping,office",4.6,
197,FC Road Retail Facade Pune-FC Road Main,18.5207,73.8405,shop front,65000,38,0.85,0.87,85,83,81,83,1350000,0.013,2,1,2,5,1100,2000,4.1,61000,0,"market,road",4.4,
198,MG Road Storefront Pune-MG Road Prime,18.5307,73.8455,shop front,60000,35,0.83,0.85,83,81,79,81,1300000,0.012,1,1,1,4,950,1800,3.9,59000,0,"market,residential",4.2,
199,JM Road Shop Display Pune-JM Road Center,18.5407,73.8505,shop front,58000,34,0.82,0.84,82,80,78,80,1250000,0.011,1,1,1,4,900,1700,3.7,58000,0,"shopping,market",4.1,
200,Camp Road Retail Facade Pune-Camp Road,18.5507,73.8555,shop front,62000,37,0.84,0.86,84,82,80,82,1330000,0.012,0,2,2,5,1000,1900,4,60000,0,"market,commercial",4.3,
201,Market Front Pune-Shivaji Nagar,18.5607,73.8605,shop front,60000,36,0.83,0.85,83,81,79,81,1300000,0.011,1,1,1,4,950,1800,3.9,59000,0,"market,commercial",4.2,
202,City Center Retail Pune-Kothrud,18.5907,73.8755,shop front,65000,37,0.85,0.87,85,83,81,83,1400000,0.012,1,2,2,5,1100,2100,4,62000,0,"commercial,residential",4.4,
203,Commercial Plaza Pune-Baner,18.6007,73.8805,shop front,62000,35,0.84,0.86,84,82,80,82,1350000,0.011,0,2,2,5,1050,2000,3.9,61000,0,"commercial,shopping",4.2,
204,Retail Hub Pune-Hinjewadi,18.6107,73.8855,shop front,70000,42,0.89,0.91,89,87,85,87,1500000,0.014,1,3,3,6,1350,2400,4.5,68000,0,"techpark,office",4.8,
205,Market Square Pune-Wakad,18.6207,73.8905,shop front,68000,39,0.87,0.89,87,85,83,85,1450000,0.013,1,2,2,5,1200,2200,4.3,66000,0,"market,shopping",4.6,
206,Mall Entrance Pune-Aundh,18.6307,73.8955,shop front,66000,38,0.86,0.88,86,84,82,84,1400000,0.013,1,1,1,5,1100,2100,4,63000,0,"mall,shopping",4.3,
207,Shopping Arcade Pune-Sus,18.6407,73.9005,shop front,64000,37,0.85,0.87,85,83,81,83,1350000,0.012,0,1,1,4,1000,2000,3.8,62000,0,"shopping,residential",4.1,
208,Outlet Center Pune-Khadki,18.6507,73.9055,shop front,62000,35,0.83,0.85,83,81,79,81,1300000,0.011,0,1,0,4,950,1900,3.7,60000,0,"market,residential",4,
209,Retail Complex Pune-Dhankawadi,18.6607,73.9105,shop front,61000,34,0.82,0.84,82,80,78,80,1280000,0.011,0,1,1,4,930,1850,3.6,59500,0,"commercial,residential",4,
210,Market Plaza Pune-Nigdi,18.6707,73.9155,shop front,60000,33,0.81,0.83,81,79,77,79,1250000,0.01,0,1,0,4,900,1800,3.5,59000,0,"market,residential",3.9,
211,Commercial Plaza Pune-Baner,18.6007,73.8805,shop front,62000,35,0.84,0.86,84,82,80,82,1350000,0.011,0,2,2,5,1050,2000,3.9,61000,0,"commercial,shopping",4.2,
212,Retail Hub Pune-Hinjewadi,18.6107,73.8855,shop front,70000,42,0.89,0.91,89,87,85,87,1500000,0.014,1,3,3,6,1350,2400,4.5,68000,0,"techpark,office",4.8,
213,Market Square Pune-Wakad,18.6207,73.8905,shop front,68000,39,0.87,0.89,87,85,83,85,1450000,0.013,1,2,2,5,1200,2200,4.3,66000,0,"market,shopping",4.6,
214,Mall Entrance Pune-Aundh,18.6307,73.8955,shop front,66000,38,0.86,0.88,86,84,82,84,1400000,0.013,1,1,1,5,1100,2100,4,63000,0,"mall,shopping",4.3,
215,Shopping Arcade Pune-Sus,18.6407,73.9005,shop front,64000,37,0.85,0.87,85,83,81,83,1350000,0.012,0,1,1,4,1000,2000,3.8,62000,0,"shopping,residential",4.1,
216,Outlet Center Pune-Khadki,18.6507,73.9055,shop front,62000,35,0.83,0.85,83,81,79,81,1300000,0.011,0,1,0,4,950,1900,3.7,60000,0,"market,residential",4,
217,Retail Complex Pune-Dhankawadi,18.6607,73.9105,shop front,61000,34,0.82,0.84,82,80,78,80,1280000,0.011,0,1,1,4,930,1850,3.6,59500,0,"commercial,residential",4,
218,Market Plaza Pune-Nigdi,18.6707,73.9155,shop front,60000,33,0.81,0.83,81,79,77,79,1250000,0.01,0,1,0,4,900,1800,3.5,59000,0,"market,residential",3.9,
219,City Center Retail Pune-Kothrud,18.5907,73.8755,shop front,65000,37,0.85,0.87,85,83,81,83,1400000,0.012,1,2,2,5,1100,2100,4,62000,0,"commercial,residential",4.4,
220,Retail Hub Pune-Hinjewadi,18.6107,73.8855,shop front,70000,42,0.89,0.91,89,87,85,87,1500000,0.014,1,3,3,6,1350,2400,4.5,68000,0,"techpark,office",4.8,
221,Market Square Pune-Wakad,18.6207,73.8905,shop front,68000,39,0.87,0.89,87,85,83,85,1450000,0.013,1,2,2,5,1200,2200,4.3,66000,0,"market,shopping",4.6,
222,Mall Entrance Pune-Aundh,18.6307,73.8955,shop front,66000,38,0.86,0.88,86,84,82,84,1400000,0.013,1,1,1,5,1100,2100,4,63000,0,"mall,shopping",4.3,
223,Shopping Arcade Pune-Sus,18.6407,73.9005,shop front,64000,37,0.85,0.87,85,83,81,83,1350000,0.012,0,1,1,4,1000,2000,3.8,62000,0,"shopping,residential",4.1,
224,Outlet Center Pune-Khadki,18.6507,73.9055,shop front,62000,35,0.83,0.85,83,81,79,81,1300000,0.011,0,1,0,4,950,1900,3.7,60000,0,"market,residential",4,
225,Retail Complex Pune-Dhankawadi,18.6607,73.9105,shop front,61000,34,0.82,0.84,82,80,78,80,1280000,0.011,0,1,1,4,930,1850,3.6,59500,0,"commercial,residential",4,
226,Market Plaza Pune-Nigdi,18.6707,73.9155,shop front,60000,33,0.81,0.83,81,79,77,79,1250000,0.01,0,1,0,4,900,1800,3.5,59000,0,"market,residential",3.9,
227,City Center Retail Pune-Kothrud,18.5907,73.8755,shop front,65000,37,0.85,0.87,85,83,81,83,1400000,0.012,1,2,2,5,1100,2100,4,62000,0,"commercial,residential",4.4,
228,Retail Hub Pune-Hinjewadi,18.6107,73.8855,shop front,70000,42,0.89,0.91,89,87,85,87,1500000,0.014,1,3,3,6,1350,2400,4.5,68000,0,"techpark,office",4.8,
229,Market Square Pune-Wakad,18.6207,73.8905,shop front,68000,39,0.87,0.89,87,85,83,85,1450000,0.013,1,2,2,5,1200,2200,4.3,66000,0,"market,shopping",4.6,
230,Mall Entrance Pune-Aundh,18.6307,73.8955,shop front,66000,38,0.86,0.88,86,84,82,84,1400000,0.013,1,1,1,5,1100,2100,4,63000,0,"mall,shopping",4.3,
231,Shopping Arcade Pune-Sus,18.6407,73.9005,shop front,64000,37,0.85,0.87,85,83,81,83,1350000,0.012,0,1,1,4,1000,2000,3.8,62000,0,"shopping,residential",4.1,
232,Outlet Center Pune-Khadki,18.6507,73.9055,shop front,62000,35,0.83,0.85,83,81,79,81,1300000,0.011,0,1,0,4,950,1900,3.7,60000,0,"market,residential",4,
233,FC Road Shop Front Pune,18.5207,73.8405,shop front,65000,38,0.85,0.87,85,83,81,83,780000,0.012,2,1,2,5,900,1200,3.4,45000,0,"shopping,market",4.2,
234,MG Road Storefront Pune,18.5307,73.8455,shop front,60000,35,0.83,0.85,83,81,79,81,770000,0.011,1,1,1,4,850,1100,3.2,42000,0,"market,residential",4,
235,JM Road Shop Display Pune,18.5407,73.8505,shop front,58000,34,0.82,0.84,82,80,78,80,760000,0.01,1,1,1,4,800,1050,3,41000,0,"shopping,market",3.9,
236,Camp Road Retail Pune,18.5507,73.8555,shop front,62000,37,0.84,0.86,84,82,80,82,790000,0.012,1,1,2,5,950,1250,3.8,47000,0,"market,shopping",4.4,
237,Market Front Pune,18.5607,73.8605,shop front,60000,36,0.83,0.85,83,81,79,81,780000,0.011,1,1,1,4,900,1200,3.7,44000,0,"market,residential",4.2,
238,Commercial Plaza Pune,18.5707,73.8655,shop front,63000,38,0.85,0.87,85,83,81,83,800000,0.012,2,2,2,5,950,1250,3.9,48000,0,"commercial,market",4.3,
239,Retail Hub Pune,18.6107,73.8855,shop front,70000,42,0.89,0.91,89,87,85,87,950000,0.014,3,2,3,6,1250,2200,4.2,67000,0,"techpark,office",4.8,
240,Market Square Pune,18.6207,73.8905,shop front,68000,39,0.87,0.89,87,85,83,85,930000,0.013,2,2,2,5,1200,2150,4.1,66000,0,"market,shopping",4.7,
241,Mall Entrance Pune,18.6307,73.8955,shop front,66000,38,0.86,0.88,86,84,82,84,920000,0.012,2,2,2,5,1150,2100,4,64000,0,"mall,entertainment",4.6,
242,Shopping Arcade Pune,18.6407,73.9005,shop front,64000,37,0.85,0.87,85,83,81,83,910000,0.011,1,1,1,4,1100,2000,3.9,62000,0,"shopping,residential",4.4,
243,Outlet Center Pune,18.6507,73.9055,shop front,62000,35,0.83,0.85,83,81,79,81,900000,0.01,1,1,1,4,1050,1900,3.8,61000,0,"market,recreational",4.3,
244,Retail Complex Pune,18.6607,73.9105,shop front,61000,34,0.82,0.84,82,80,78,80,890000,0.009,1,1,1,4,1030,1850,3.7,60000,0,"residential,commercial",4.2,
245,Market Plaza Pune,18.6707,73.9155,shop front,60000,33,0.81,0.83,81,79,77,79,880000,0.008,0,1,0,3,1000,1800,3.6,59000,0,"market,residential",4,
246,Business Center Pune,18.6807,73.9205,shop front,59000,32,0.8,0.82,80,78,76,78,870000,0.007,0,0,0,3,950,1700,3.5,58000,0,"commercial,residential",3.9,
247,Shopping Mall Pune,18.6907,73.9255,shop front,58000,31,0.79,0.81,79,77,75,77,860000,0.006,0,1,0,3,900,1600,3.4,57000,0,"mall,shopping",3.8,
248,Commercial Plaza Pune,18.7007,73.9305,shop front,57000,30,0.78,0.8,78,76,74,76,850000,0.005,0,0,0,3,880,1550,3.3,56000,0,"commercial,market",3.7,
249,Retail Hub Pune,18.7107,73.9355,shop front,56000,29,0.77,0.79,77,75,73,75,840000,0.004,0,0,0,2,860,1500,3.2,55000,0,"residential,shopping",3.6,
250,Market Square Pune,18.7207,73.9405,shop front,55000,28,0.76,0.78,76,74,72,74,830000,0.003,0,1,0,2,840,1450,3.1,54000,0,"market,shopping",3.5,
251,Mall Entrance Pune,18.7307,73.9455,shop front,54000,27,0.75,0.77,75,73,71,73,820000,0.002,0,0,0,2,820,1400,3,53000,0,"entertainment,mall",3.4,
252,Green Park Mall Billboard Pune-Kalyani Nagar,18.581,73.871,hoarding,72000,145,0.89,0.93,91,90,88,90,1400000,0.013,2,3,3,6,1250,2200,4.4,67000,0,"mall,shopping,entertainment",4.6,
253,Sector 20 Billboard Pune-Magarpatta,18.591,73.876,hoarding,68000,140,0.87,0.9,89,88,86,88,1350000,0.012,1,2,2,5,1200,2100,4.3,65000,0,"commercial,techpark",4.5,
254,Magarpatta City Gate Billboard Pune-Magarpatta,18.601,73.881,hoarding,70000,150,0.88,0.92,90,89,87,89,1420000,0.013,2,3,3,6,1300,2250,4.5,67000,0,"gate,techpark",4.7,
255,Market Street Billboard Pune-FC Road,18.511,73.841,hoarding,60000,125,0.85,0.89,87,85,84,86,1280000,0.011,2,2,2,5,1100,1900,4,60000,0,"market,shopping",4.3,
256,Deccan Gymkhana Billboard Pune-Deccan,18.521,73.846,hoarding,58000,120,0.83,0.87,85,83,82,84,1250000,0.01,1,1,2,4,1050,1850,3.8,58000,0,"gymkhana,commercial",4.1,
257,Camp Market Billboard Pune-Camp,18.531,73.851,hoarding,62000,130,0.86,0.9,88,87,86,88,1330000,0.012,1,2,2,5,1150,2000,4.1,62000,0,"market,shopping",4.4,
258,JM Road Billboard Pune-JM Road,18.541,73.856,hoarding,61000,130,0.85,0.89,87,86,85,87,1310000,0.011,2,2,1,5,1120,1950,4,61000,0,"road,commercial",4.3,
259,Koregaon Park Billboard Pune-Koregaon Park,18.551,73.861,hoarding,65000,140,0.88,0.92,90,89,88,89,1380000,0.013,3,3,2,6,1250,2200,4.4,66000,0,"residential,commercial",4.6,
260,Baner Road Billboard Pune-Baner Road,18.561,73.866,hoarding,63000,135,0.87,0.91,89,87,85,87,1350000,0.013,2,3,3,5,1200,2100,4.2,65000,0,"road,market",4.5,
261,Wakad Square Billboard Pune-Wakad,18.571,73.871,hoarding,61000,130,0.85,0.89,87,86,84,86,1310000,0.012,1,2,1,4,1100,2000,4,62000,0,"square,commercial",4.4,
262,Aundh Market Billboard Pune-Aundh,18.581,73.876,hoarding,60000,125,0.84,0.88,86,85,83,85,1280000,0.011,1,2,1,4,1050,1900,3.9,61000,0,"market,residential",4.3,
263,Pashan Base Market Billboard Pune-Pashan,18.591,73.881,hoarding,62000,130,0.86,0.9,88,87,85,87,1300000,0.011,2,2,2,5,1100,1950,4.1,62000,0,"market,shopping",4.3,
264,Pimple Saudagar Billboard Pune-Pimple Saudagar,18.601,73.886,hoarding,59000,125,0.83,0.87,85,83,81,83,1250000,0.01,1,2,1,4,1050,1850,3.9,60000,0,"commercial,residential",4.2,
265,Pimpri Club Road Billboard Pune-Pimpri,18.611,73.891,hoarding,57000,120,0.82,0.86,84,82,80,82,1220000,0.009,0,1,0,3,900,1700,3.7,59000,0,"club,market",4,
266,Nigdi Chowk Billboard Pune-Nigdi,18.621,73.896,hoarding,58000,125,0.83,0.87,85,83,81,83,1230000,0.01,1,1,1,4,950,1800,3.8,60000,0,"chowk,commercial",4.1,
267,Nanded City Billboard Pune-Nanded City,18.631,73.901,hoarding,56000,120,0.82,0.86,83,81,79,81,1190000,0.009,0,1,0,3,900,1700,3.6,58000,0,"commercial,residential",3.9,
268,Hadapsar Main Road Billboard Pune-Hadapsar,18.641,73.906,hoarding,55000,115,0.81,0.85,82,80,78,80,1180000,0.008,0,0,0,3,870,1600,3.5,57000,0,"main road,market",3.8,
269,Wadgaon Sheri Road Billboard Pune-Wadgaon Sheri,18.651,73.911,hoarding,53000,110,0.79,0.83,80,78,75,78,1150000,0.007,0,0,0,2,850,1500,3.4,55000,0,"road,residential",3.7,
270,Kothrud Market Billboard Pune-Kothrud,18.661,73.916,hoarding,52000,108,0.78,0.82,79,77,74,76,1130000,0.007,0,1,0,3,840,1500,3.4,54000,0,"market,residential",3.6,
271,Shivajinagar District Billboard Pune-Shivajinagar,18.671,73.921,hoarding,55000,115,0.81,0.85,82,80,77,79,1170000,0.008,1,1,1,4,900,1600,3.6,57000,0,"district,commercial",4,
272,Baner Road Crossroads Billboard Pune-Baner,18.681,73.926,hoarding,59000,120,0.83,0.87,85,83,80,82,1190000,0.009,1,2,2,5,950,1700,3.7,58000,0,"crossroad,shopping",4.1,
273,Udyog Nagar Billboard Pune-Udyog Nagar,18.691,73.931,hoarding,57000,115,0.81,0.85,82,80,78,80,1150000,0.008,0,0,0,3,900,1600,3.5,56000,0,"industrial,commercial",3.9,
274,Mundhwa Billboard Pune-Mundhwa,18.701,73.936,hoarding,54000,110,0.79,0.83,80,78,75,78,1130000,0.007,0,1,0,3,870,1500,3.4,54000,0,"market,residential",3.8,
275,Wakad Road Billboard Pune-Wakad,18.711,73.941,hoarding,53000,108,0.78,0.82,79,77,74,76,1120000,0.007,0,1,0,3,860,1500,3.3,53000,0,"road,residential",3.7,
276,Sus Road Billboard Pune-Sus,18.721,73.946,hoarding,52000,107,0.77,0.81,78,76,73,75,1100000,0.007,0,0,0,2,850,1450,3.2,52000,0,"road,residential",3.6,
277,Katraj Circle Billboard Pune-Katraj,18.731,73.951,hoarding,51000,105,0.76,0.8,77,75,72,74,1090000,0.006,0,0,0,2,840,1400,3.1,51000,0,"circle,market",3.5,
278,Pimple Nilakh Billboard Pune-Pimple Nilakh,18.741,73.956,hoarding,50000,104,0.75,0.79,76,74,71,73,1080000,0.006,0,0,0,2,830,1350,3,50000,0,"market,residential",3.4,
279,Aundh Main Road Billboard Pune-Aundh,18.751,73.961,hoarding,49000,102,0.74,0.78,75,73,70,72,1070000,0.005,0,1,1,3,820,1300,3,49000,0,"main road,residential",3.4,
280,Magarpatta Road Billboard Pune-Magarpatta,18.761,73.966,hoarding,48000,100,0.73,0.77,74,72,69,71,1060000,0.005,0,0,0,2,810,1250,2.9,48000,0,"road,commercial",3.3,
281,Hadapsar Flyover Billboard Pune-Hadapsar,18.771,73.971,hoarding,47000,98,0.72,0.76,73,71,68,70,1050000,0.005,0,1,0,2,800,1200,2.8,47000,0,"flyover,market",3.2,
282,Kothrud Shopping Plaza Pune,18.681,73.978,hoarding,48000,115,0.82,0.86,85,83,79,81,870000,0.009,1,1,1,4,800,1200,3.3,57000,0,"shopping,commercial",4.2,
283,Deccan Gymkhana Billboard Pune,18.671,73.972,hoarding,47000,110,0.81,0.85,83,81,77,79,860000,0.008,1,1,1,4,780,1150,3.2,56000,0,"gymkhana,commercial",4.1,
284,Baner IT Park Billboard Pune,18.661,73.967,hoarding,50000,120,0.84,0.88,87,85,82,84,890000,0.009,1,2,2,5,850,1300,3.4,60000,0,"itpark,tech",4.3,
285,Wakad Junction Billboard Pune,18.651,73.962,hoarding,46000,105,0.79,0.83,81,79,75,77,840000,0.008,0,1,0,4,700,1100,3,55000,0,"junction,residential",3.9,
286,Hinjewadi Gate Billboard Pune,18.641,73.957,hoarding,53000,115,0.82,0.86,85,83,79,81,870000,0.009,1,1,1,5,820,1200,3.3,58000,0,"entry,techpark",4.2,
287,Hadapsar Flyover Billboard Pune,18.631,73.952,hoarding,51000,110,0.8,0.84,83,81,77,79,850000,0.008,0,0,0,4,780,1150,3.1,57000,0,"flyover,residential",4,
288,Pimpri Market Billboard Pune,18.621,73.947,hoarding,48000,105,0.78,0.82,80,78,74,76,830000,0.007,0,0,0,3,750,1100,2.9,56000,0,"market,residential",3.8,
289,Shivajinagar Market Billboard Pune,18.611,73.942,hoarding,47000,100,0.77,0.81,78,76,72,74,820000,0.007,0,0,0,3,730,1050,2.8,55000,0,"market,residential",3.7,
290,Balewadi Market Billboard Pune,18.601,73.937,hoarding,45000,98,0.75,0.79,75,73,70,72,800000,0.006,0,0,0,2,700,1000,2.7,54000,0,"market,commercial",3.6,
291,Kalyani Nagar Billboard Pune,18.591,73.932,hoarding,46000,100,0.76,0.8,76,74,71,73,820000,0.007,1,1,1,3,710,1050,2.8,55000,0,"residential,commercial",3.7,
292,Pune Airport Billboard Pune,18.581,73.927,hoarding,55000,120,0.85,0.89,88,86,82,84,900000,0.01,0,2,1,4,900,1400,3.5,60000,0,"airport,commercial",4.1,
293,Magarpatta Commercial Billboard Pune,18.571,73.922,hoarding,53000,115,0.83,0.87,85,83,79,81,870000,0.009,0,3,2,5,850,1300,3.3,58000,0,"commercial,tech",4,
294,Hadapsar Commercial Billboard Pune,18.561,73.917,hoarding,50000,108,0.8,0.85,82,80,77,79,840000,0.008,1,1,1,4,800,1200,3.1,56000,0,"commercial,residential",3.9,
295,Hinjewadi IT Billboard Pune,18.551,73.912,hoarding,58000,115,0.84,0.88,86,84,81,83,890000,0.009,2,2,3,6,900,1400,3.5,60000,0,"itpark,tech",4.2,
296,FC Road Market Billboard Pune,18.541,73.907,hoarding,45000,100,0.77,0.82,78,76,72,74,810000,0.007,1,1,1,3,720,1100,2.8,53000,0,"market,residential",3.6,
297,JM Road Market Billboard Pune,18.531,73.902,hoarding,44000,98,0.75,0.8,76,74,70,72,790000,0.006,0,1,1,3,700,1050,2.7,52000,0,"market,residential",3.5,
298,Shivaji Nagar Market Billboard Pune,18.521,73.897,hoarding,42000,95,0.73,0.79,74,72,68,70,770000,0.006,0,0,0,2,680,1000,2.5,51000,0,"market,residential",3.4,
299,Pimpri Market Billboard Pune,18.511,73.892,hoarding,40000,90,0.7,0.77,70,68,65,67,740000,0.005,0,0,0,2,650,950,2.3,50000,0,"market,residential",3.3,
300,Nigdi Market Billboard Pune,18.501,73.887,hoarding,39000,88,0.68,0.75,68,66,63,65,720000,0.005,0,0,0,1,630,900,2.2,49000,0,"market,residential",3.2,
301,Wakad Market Billboard Pune,18.491,73.882,hoarding,37000,85,0.65,0.72,65,63,60,62,700000,0.004,0,0,0,1,600,850,2,48000,0,"market,residential",3.1,
302,Market Hub Billboard Pune,18.481,73.877,hoarding,35000,80,0.62,0.7,62,60,57,59,680000,0.004,0,0,0,1,580,800,1.9,47000,0,"market,residential",3,
303,Market Plaza Billboard Pune,18.471,73.872,hoarding,34000,78,0.6,0.68,60,58,55,57,660000,0.004,0,0,0,1,560,750,1.8,46000,0,"market,residential",2.9,
